<?xml version="1.0" encoding="UTF-8" standalone="yes"?>
<addon id="plugin.script.buildbackup" name="Build Back Up" version="1.4" provider-name="jas1don">
  <requires>
    <import addon="xbmc.python" version="2.19"/>
    <import addon="script.module.requests" />
	<import addon="script.module.addon.common" />
  </requires>
  <extension point="xbmc.python.pluginsource" library="default.py">
        <provides>script executable</provides>
  </extension>
  <extension point="xbmc.addon.metadata">
    <summary lang="en">Basic Script to Re-install Titan Build</summary>
    <description lang="en">refresh</description>
    <platform>all</platform>
  </extension>
</addon>